Symbol,Series,Date,Prev Close,Open Price,High Price,Low Price,Last Price,Close Price,Total Traded Quantity,Turnover,No of Trades
RELCAPITAL,EQ,02-May-17,664.8,667.4,671.7,655.55,664.85,665.25,"32,77,887","2,17,73,83,003.10","50,033"
RELCAPITAL,EQ,03-May-17,665.25,668.6,678.5,662.1,670.35,671.7,"31,32,617","2,10,12,58,503.65","43,075"
RELCAPITAL,EQ,04-May-17,671.7,673,677.2,667,671.55,672,"18,33,488","1,23,29,94,849.25","34,060"
RELCAPITAL,EQ,05-May-17,672,672.65,672.65,642.75,651.35,652.25,"24,39,049","1,60,24,61,932.65","43,359"
RELCAPITAL,EQ,08-May-17,652.25,657,665.4,650.1,659.2,660.5,"18,13,501","1,19,57,41,988.10","28,861"
RELCAPITAL,EQ,09-May-17,660.5,662.1,687.75,657.35,687.4,682.5,"35,21,723","2,36,62,24,637.60","46,512"
RELCAPITAL,EQ,10-May-17,682.5,687.3,692.5,682.05,683.5,685.25,"30,65,540","2,10,55,51,942.35","39,963"
RELCAPITAL,EQ,11-May-17,685.25,686.9,689.2,671.25,673.8,673.7,"17,26,283","1,17,28,51,393.55","27,835"
RELCAPITAL,EQ,12-May-17,673.7,682.2,686,663.3,666.5,667.35,"24,63,615","1,65,82,80,596.40","43,987"
RELCAPITAL,EQ,15-May-17,667.35,670.15,681,667.05,675.65,675.25,"16,78,875","1,13,32,38,475.75","29,118"
RELCAPITAL,EQ,16-May-17,675.25,676.25,680,670.15,677.3,677.8,"17,04,327","1,15,12,14,241.40","33,942"
RELCAPITAL,EQ,17-May-17,677.8,679,687.85,674.05,677.3,677.45,"21,55,696","1,46,68,72,057.20","34,570"
RELCAPITAL,EQ,18-May-17,677.45,667.5,672.95,653,654.75,657.2,"27,90,466","1,85,34,24,811.15","46,717"
RELCAPITAL,EQ,19-May-17,657.2,660.1,669.3,646.05,655.5,654.5,"24,08,888","1,58,26,47,711.10","47,776"
RELCAPITAL,EQ,22-May-17,654.5,658.95,661.7,633.1,638.15,636.7,"20,10,984","1,29,45,39,447.35","32,324"
RELCAPITAL,EQ,23-May-17,636.7,637.9,639.9,605.3,617.05,621.15,"37,19,226","2,31,22,06,976.85","65,103"
RELCAPITAL,EQ,24-May-17,621.15,620.95,624.8,560.85,576,578.55,"87,96,372","5,17,29,62,818.65","1,48,907"
RELCAPITAL,EQ,25-May-17,578.55,580.5,583,564.55,579.5,576.3,"46,20,691","2,64,65,96,093.30","64,811"
RELCAPITAL,EQ,26-May-17,576.3,580,602,577.3,591.8,593.8,"33,55,281","1,98,90,52,178.00","45,137"
RELCAPITAL,EQ,29-May-17,593.8,589.65,589.65,531.05,543.15,539.35,"63,27,996","3,47,97,14,266.75","85,435"
RELCAPITAL,EQ,30-May-17,539.35,540,561.65,523.3,553.5,551.55,"55,61,751","3,05,63,23,410.35","77,114"
RELCAPITAL,EQ,31-May-17,551.55,555.9,571.15,541,563,561.5,"67,69,646","3,76,96,35,128.60","96,525"
RELCAPITAL,EQ,01-Jun-17,561.5,565.3,565.9,545.55,550,551.05,"53,49,569","2,96,71,97,583.75","65,939"
RELCAPITAL,EQ,02-Jun-17,551.05,553.8,558.8,549,551,551.4,"35,80,615","1,98,12,13,965.30","42,579"
RELCAPITAL,EQ,05-Jun-17,551.4,560,571.7,555.05,557.8,557.95,"34,83,893","1,95,78,80,997.70","46,220"
RELCAPITAL,EQ,06-Jun-17,557.95,570,573.45,549.05,562.1,562.4,"39,60,663","2,21,82,57,147.70","57,360"
RELCAPITAL,EQ,07-Jun-17,562.4,562,588.15,554.5,585.5,584.85,"95,20,105","5,48,15,06,078.90","1,14,434"
RELCAPITAL,EQ,08-Jun-17,584.85,591.6,596,576.5,577.3,579.4,"54,67,171","3,20,76,57,844.20","68,713"
RELCAPITAL,EQ,09-Jun-17,579.4,575,591.2,571,588.75,588.4,"34,26,886","1,99,18,94,042.00","52,129"
RELCAPITAL,EQ,12-Jun-17,588.4,584.9,599,581.1,590.5,590.15,"36,14,246","2,13,78,98,488.80","53,850"
RELCAPITAL,EQ,13-Jun-17,590.15,591.9,599.6,582.1,583,587.25,"36,86,377","2,18,56,30,858.30","51,726"
RELCAPITAL,EQ,14-Jun-17,587.25,586.5,605.8,583.3,595.6,597.35,"45,20,925","2,69,57,24,220.35","68,254"
RELCAPITAL,EQ,15-Jun-17,597.35,594.8,604.8,590.1,599.95,600.3,"33,11,313","1,98,43,41,467.30","59,596"
RELCAPITAL,EQ,16-Jun-17,600.3,604.05,609,601.25,602,602.85,"26,64,674","1,61,19,08,166.05","53,188"
RELCAPITAL,EQ,19-Jun-17,602.85,605.25,615,605,614.8,611.9,"21,73,990","1,32,50,13,444.15","35,469"
RELCAPITAL,EQ,20-Jun-17,611.9,615.35,617.5,608,611,611.45,"15,90,966","97,54,20,676.90","24,580"
RELCAPITAL,EQ,21-Jun-17,611.45,610.9,628.8,609.65,624.8,625.95,"40,16,728","2,50,04,97,132.35","74,418"
RELCAPITAL,EQ,22-Jun-17,625.95,628.7,638,621.3,627.15,627.25,"32,62,388","2,06,26,52,081.80","63,895"
RELCAPITAL,EQ,23-Jun-17,627.25,627,654.5,618.3,653,651.5,"76,13,300","4,88,61,95,560.85","1,18,609"
RELCAPITAL,EQ,27-Jun-17,651.5,653.95,663.9,640.8,656.7,658.4,"48,11,349","3,15,28,41,142.90","79,360"
RELCAPITAL,EQ,28-Jun-17,658.4,654,660,645.65,649.1,651.45,"23,90,070","1,55,91,77,106.75","33,955"
RELCAPITAL,EQ,29-Jun-17,651.45,654.7,658.4,643.05,647.15,648.05,"31,16,464","2,02,48,53,606.60","46,867"
RELCAPITAL,EQ,30-Jun-17,648.05,646.8,647.35,636.15,643.75,643.6,"22,73,822","1,45,94,69,030.45","31,797"
RELCAPITAL,EQ,03-Jul-17,643.6,643.6,659.7,643,657.95,656.55,"23,92,474","1,56,28,42,785.20","30,769"
RELCAPITAL,EQ,04-Jul-17,656.55,659.3,659.4,642.75,651,649.9,"16,74,885","1,08,97,83,331.55","23,676"
RELCAPITAL,EQ,05-Jul-17,649.9,652.95,664.55,648.15,663.5,662.95,"21,71,726","1,43,08,29,143.65","28,324"
RELCAPITAL,EQ,06-Jul-17,662.95,663.55,670.7,660.4,663.9,664.1,"24,47,546","1,63,05,84,877.95","43,099"
RELCAPITAL,EQ,07-Jul-17,664.1,660,667.8,658.8,661,661,"17,45,890","1,15,72,85,619.50","31,420"
RELCAPITAL,EQ,10-Jul-17,661,670,670,654,665.4,664.25,"3,17,116","21,08,62,063.75","4,549"
RELCAPITAL,EQ,11-Jul-17,664.25,667.15,667.6,647.25,649.15,650.2,"17,82,104","1,17,43,13,959.70","28,064"
RELCAPITAL,EQ,12-Jul-17,650.2,651.6,660,644.1,659.35,658,"19,34,457","1,26,27,90,106.05","40,114"
RELCAPITAL,EQ,13-Jul-17,658,661.3,667.8,656.1,666,663.3,"18,32,514","1,21,30,11,181.20","34,647"
RELCAPITAL,EQ,14-Jul-17,663.3,665.2,680.8,659.2,675.15,675.6,"35,49,366","2,39,32,12,832.90","49,666"
RELCAPITAL,EQ,17-Jul-17,675.6,678,678,668.65,669.05,670.45,"18,10,879","1,21,81,74,393.55","29,177"
RELCAPITAL,EQ,18-Jul-17,670.45,668.3,676.65,664.1,669.1,670.35,"17,30,255","1,16,26,63,931.65","35,594"
RELCAPITAL,EQ,19-Jul-17,670.35,670.4,672.5,651,659.5,660.55,"30,94,672","2,03,81,32,565.55","61,864"
RELCAPITAL,EQ,20-Jul-17,660.55,662.9,668.5,657.55,660,659.55,"15,93,058","1,05,69,31,918.55","29,935"
RELCAPITAL,EQ,21-Jul-17,659.55,663,665.55,636.85,650,650.4,"21,94,024","1,43,25,66,219.95","41,652"
RELCAPITAL,EQ,24-Jul-17,650.4,651.4,657.5,644.95,651.8,650.4,"14,43,015","94,12,21,482.00","22,404"
RELCAPITAL,EQ,25-Jul-17,650.4,652.95,655,646.25,649.8,650.05,"12,24,549","79,58,09,722.25","24,893"
RELCAPITAL,EQ,26-Jul-17,650.05,653,659.95,648.4,656.65,655.65,"20,17,252","1,32,06,84,005.10","29,590"
RELCAPITAL,EQ,27-Jul-17,655.65,658.95,673.95,655.55,661.3,659.5,"39,39,218","2,62,33,97,031.60","58,001"
RELCAPITAL,EQ,28-Jul-17,659.5,662,721,660.25,719,718.65,"1,39,31,211","9,80,85,50,183.60","1,74,346"
RELCAPITAL,EQ,31-Jul-17,718.65,719,735.2,714.3,722,724.4,"57,64,372","4,18,61,09,299.85","70,842"
RELCAPITAL,EQ,01-Aug-17,724.4,724.7,729.3,714.25,725,723.3,"27,61,906","1,99,23,80,640.50","47,146"
RELCAPITAL,EQ,02-Aug-17,723.3,726,743.55,719.2,726.5,730.45,"47,51,855","3,48,83,71,986.35","68,615"
RELCAPITAL,EQ,03-Aug-17,730.45,730.9,734,718.6,721,722.7,"22,32,880","1,62,12,65,133.70","39,829"
RELCAPITAL,EQ,04-Aug-17,722.7,723.7,747.95,721.1,746.5,744.1,"52,19,661","3,86,14,61,351.50","91,050"
RELCAPITAL,EQ,07-Aug-17,744.1,749.5,785.7,743.3,781.25,781.4,"56,86,320","4,35,75,53,073.65","90,515"
RELCAPITAL,EQ,08-Aug-17,781.4,780,797.6,763.5,783.45,786.05,"73,06,516","5,73,35,76,414.70","1,02,798"
RELCAPITAL,EQ,09-Aug-17,786.05,781.4,818.5,775.1,798,799.5,"98,24,920","7,88,78,24,628.90","1,54,850"
RELCAPITAL,EQ,10-Aug-17,799.5,797.4,811.8,743.25,768.3,764.25,"72,74,484","5,69,80,95,469.65","99,548"
RELCAPITAL,EQ,11-Aug-17,764.25,748,763.25,716.1,749.75,748.9,"60,96,465","4,55,45,24,552.40","87,528"
RELCAPITAL,EQ,14-Aug-17,748.9,758.3,781.8,756.35,773.45,774.2,"43,08,617","3,31,52,96,480.50","57,801"
RELCAPITAL,EQ,16-Aug-17,774.2,775.4,795,775.2,791,791.2,"41,92,133","3,30,61,60,143.85","77,090"
RELCAPITAL,EQ,17-Aug-17,791.2,795.2,803.7,780,782.6,783.25,"33,93,364","2,69,25,72,092.20","52,417"
RELCAPITAL,EQ,18-Aug-17,783.25,777,794.5,768.5,785.25,783.55,"36,50,158","2,85,81,29,189.75","61,601"
RELCAPITAL,EQ,21-Aug-17,783.55,792.9,805.5,769.35,775.35,775.45,"31,89,830","2,51,29,13,542.55","50,502"
RELCAPITAL,EQ,22-Aug-17,775.45,782.35,787.6,737,747.4,744.45,"52,18,291","3,94,84,32,528.70","84,125"
RELCAPITAL,EQ,23-Aug-17,744.45,749.7,771,745.25,769,767.3,"47,54,311","3,59,97,81,787.50","82,013"
RELCAPITAL,EQ,24-Aug-17,767.3,770.9,779,762.2,775.85,776.9,"28,35,724","2,19,37,12,601.65","48,549"
RELCAPITAL,EQ,28-Aug-17,776.9,785,800.9,783.6,787.7,788.05,"55,49,896","4,39,74,38,529.60","90,200"
RELCAPITAL,EQ,29-Aug-17,788.05,787.7,795.75,764.05,766,769.5,"51,47,509","4,02,68,10,597.80","87,041"
RELCAPITAL,EQ,30-Aug-17,769.5,776.45,789.8,771.1,779,779.9,"41,44,080","3,22,92,61,295.80","54,711"
RELCAPITAL,EQ,31-Aug-17,779.9,781.3,812,775,811,805.3,"66,47,282","5,25,29,65,990.45","78,603"
RELCAPITAL,EQ,01-Sep-17,805.3,815,879.9,815,852.85,856.8,"1,75,39,232","14,96,72,69,036.90","2,40,237"
RELCAPITAL,EQ,04-Sep-17,856.8,859.95,875.5,811.6,818,818.8,"2,04,64,061","17,24,65,08,722.45","2,42,191"
RELCAPITAL,EQ,05-Sep-17,818.8,688,771.95,677.15,749.95,750.45,"1,79,71,359","13,35,63,65,747.40","1,97,129"
RELCAPITAL,EQ,06-Sep-17,750.45,749,767.5,736.35,762.2,759.45,"83,94,862","6,31,71,53,918.55","1,28,973"
RELCAPITAL,EQ,07-Sep-17,759.45,765,778.9,764.1,769.75,770.55,"46,56,318","3,59,39,00,918.70","68,244"
RELCAPITAL,EQ,08-Sep-17,770.55,776.7,776.7,760.05,762,762.3,"27,05,526","2,07,40,00,862.50","43,823"
RELCAPITAL,EQ,11-Sep-17,762.3,766,782,766,776,773.95,"28,62,324","2,22,13,61,605.70","52,249"
RELCAPITAL,EQ,12-Sep-17,773.95,778,779.3,768.1,775,775.3,"19,28,017","1,49,27,23,334.00","36,265"
RELCAPITAL,EQ,13-Sep-17,775.3,775.9,776.3,750,754,754.3,"33,57,935","2,56,39,70,344.35","46,317"
RELCAPITAL,EQ,14-Sep-17,754.3,755,762.2,739.5,751.3,748.55,"26,75,925","2,00,54,57,151.05","53,958"
RELCAPITAL,EQ,15-Sep-17,748.55,745.9,758.7,741.35,754.55,752.95,"28,78,121","2,16,46,56,006.45","47,128"
RELCAPITAL,EQ,18-Sep-17,752.95,757,768.5,754.55,767.2,765.55,"19,90,020","1,51,52,04,480.90","36,388"
RELCAPITAL,EQ,19-Sep-17,765.55,765,765,750.1,753.25,753.2,"19,24,090","1,45,56,64,464.00","42,745"
RELCAPITAL,EQ,20-Sep-17,753.2,755.2,757.1,744,746.5,745.4,"15,60,953","1,16,94,67,955.30","28,694"
RELCAPITAL,EQ,21-Sep-17,745.4,740,742.7,711.3,720.15,717.9,"40,84,091","2,94,70,96,565.25","71,509"
M&M,EQ,02-May-17,"1,335.55","1,333.10","1,352.75","1,326.30","1,340.00","1,340.95","8,17,189","1,09,57,16,677.40","26,486"
M&M,EQ,03-May-17,"1,340.95","1,342.00","1,354.20","1,333.95","1,337.10","1,348.65","9,05,792","1,22,02,62,474.75","26,893"
M&M,EQ,04-May-17,"1,348.65","1,341.00","1,351.00","1,329.65","1,332.55","1,334.90","7,39,877","99,16,18,480.80","32,725"
M&M,EQ,05-May-17,"1,334.90","1,331.00","1,331.00","1,307.00","1,318.50","1,321.25","8,95,667","1,18,22,20,473.25","48,581"
M&M,EQ,08-May-17,"1,321.25","1,322.50","1,345.70","1,313.00","1,332.25","1,333.35","5,79,715","77,26,57,371.10","21,145"
M&M,EQ,09-May-17,"1,333.35","1,335.70","1,351.90","1,328.65","1,341.75","1,343.65","5,91,559","79,42,25,255.75","44,430"
M&M,EQ,10-May-17,"1,343.65","1,352.00","1,379.70","1,348.00","1,373.90","1,376.40","10,70,862","1,46,83,33,839.45","67,055"
M&M,EQ,11-May-17,"1,376.40","1,385.70","1,402.20","1,362.80","1,376.20","1,376.15","17,44,710","2,40,80,65,155.75","49,274"
M&M,EQ,12-May-17,"1,376.15","1,378.00","1,378.00","1,361.70","1,363.10","1,367.85","17,49,749","2,39,37,21,196.35","45,573"
M&M,EQ,15-May-17,"1,367.85","1,373.00","1,386.65","1,370.00","1,374.80","1,375.65","5,58,190","76,93,57,918.15","38,442"
M&M,EQ,16-May-17,"1,375.65","1,377.00","1,380.50","1,363.10","1,364.15","1,366.35","5,16,012","70,75,63,396.95","29,075"
M&M,EQ,17-May-17,"1,366.35","1,363.00","1,384.35","1,360.40","1,379.00","1,378.80","9,20,884","1,26,94,96,569.50","32,299"
M&M,EQ,18-May-17,"1,378.80","1,369.00","1,372.00","1,347.50","1,347.50","1,352.85","12,17,846","1,65,83,44,015.40","20,476"
M&M,EQ,19-May-17,"1,352.85","1,350.00","1,357.60","1,328.50","1,338.20","1,333.40","9,76,742","1,31,35,21,664.40","36,297"
M&M,EQ,22-May-17,"1,333.40","1,340.15","1,341.95","1,301.10","1,307.00","1,306.25","4,36,797","57,39,01,073.90","26,521"
M&M,EQ,23-May-17,"1,306.25","1,315.00","1,338.35","1,300.00","1,328.35","1,331.75","7,80,182","1,03,36,63,448.90","40,561"
M&M,EQ,24-May-17,"1,331.75","1,331.50","1,338.80","1,301.45","1,308.00","1,308.65","6,25,683","82,21,80,435.00","29,997"
M&M,EQ,25-May-17,"1,308.65","1,311.00","1,335.90","1,304.00","1,335.90","1,327.50","14,56,698","1,92,57,07,945.30","60,911"
M&M,EQ,26-May-17,"1,327.50","1,334.00","1,348.90","1,327.50","1,341.00","1,340.85","3,35,223","44,89,19,973.95","16,125"
M&M,EQ,29-May-17,"1,340.85","1,345.00","1,375.75","1,327.40","1,362.90","1,360.05","10,58,764","1,43,25,43,453.90","37,535"
M&M,EQ,30-May-17,"1,360.05","1,364.00","1,379.00","1,342.30","1,367.65","1,361.10","22,23,885","3,03,01,40,652.25","68,059"
M&M,EQ,31-May-17,"1,361.10","1,392.50","1,448.50","1,392.00","1,413.70","1,416.95","39,41,786","5,61,36,56,174.25","1,46,225"
M&M,EQ,01-Jun-17,"1,416.95","1,430.00","1,441.00","1,416.10","1,426.65","1,425.25","17,12,339","2,44,74,42,775.90","55,540"
M&M,EQ,02-Jun-17,"1,425.25","1,430.00","1,434.75","1,409.00","1,421.95","1,418.50","14,42,389","2,05,61,58,309.10","57,116"
M&M,EQ,05-Jun-17,"1,418.50","1,424.95","1,432.50","1,421.10","1,423.00","1,423.70","11,51,951","1,64,40,20,715.35","49,138"
M&M,EQ,06-Jun-17,"1,423.70","1,423.05","1,429.85","1,404.15","1,409.00","1,411.45","8,03,816","1,13,41,33,210.95","24,783"
M&M,EQ,07-Jun-17,"1,411.45","1,423.15","1,451.10","1,413.55","1,430.00","1,431.90","19,04,689","2,73,90,57,164.95","74,038"
M&M,EQ,08-Jun-17,"1,431.90","1,433.50","1,440.00","1,410.10","1,416.00","1,417.50","8,49,201","1,20,46,83,317.95","31,059"
M&M,EQ,09-Jun-17,"1,417.50","1,418.00","1,434.70","1,414.10","1,427.00","1,426.70","9,08,631","1,29,69,42,193.60","45,358"
M&M,EQ,12-Jun-17,"1,426.70","1,435.00","1,458.95","1,415.00","1,425.00","1,423.55","19,11,487","2,74,52,62,445.75","43,194"
M&M,EQ,13-Jun-17,"1,423.55","1,433.00","1,439.85","1,414.00","1,416.90","1,417.65","9,83,018","1,40,25,92,468.65","37,872"
M&M,EQ,14-Jun-17,"1,417.65","1,430.00","1,432.85","1,401.10","1,403.45","1,405.20","9,42,385","1,32,93,70,572.85","48,226"
M&M,EQ,15-Jun-17,"1,405.20","1,409.00","1,414.00","1,378.85","1,389.85","1,387.65","15,67,392","2,18,17,69,486.15","44,283"
M&M,EQ,16-Jun-17,"1,387.65","1,398.20","1,409.35","1,383.30","1,384.00","1,387.30","16,50,375","2,30,33,40,191.40","41,816"
M&M,EQ,19-Jun-17,"1,387.30","1,393.00","1,405.00","1,383.75","1,386.00","1,388.25","11,12,550","1,55,05,48,333.60","41,169"
M&M,EQ,20-Jun-17,"1,388.25","1,394.60","1,399.00","1,385.00","1,386.70","1,389.45","9,39,704","1,30,66,22,140.20","48,781"
M&M,EQ,21-Jun-17,"1,389.45","1,392.70","1,395.40","1,380.95","1,383.00","1,387.15","14,94,718","2,07,27,92,836.95","45,285"
M&M,EQ,22-Jun-17,"1,387.15","1,385.00","1,407.20","1,381.70","1,397.20","1,396.30","11,28,366","1,57,70,31,003.75","39,841"
M&M,EQ,23-Jun-17,"1,396.30","1,400.00","1,418.25","1,370.10","1,382.00","1,376.20","12,20,802","1,70,17,79,938.20","48,080"
M&M,EQ,27-Jun-17,"1,376.20","1,393.30","1,394.50","1,365.00","1,368.95","1,370.30","16,68,109","2,30,06,40,429.95","39,979"
M&M,EQ,28-Jun-17,"1,370.30","1,370.00","1,375.00","1,348.75","1,353.00","1,356.05","8,27,917","1,12,46,02,077.00","28,578"
M&M,EQ,29-Jun-17,"1,356.05","1,360.00","1,379.10","1,352.15","1,360.10","1,355.65","9,36,894","1,27,82,34,629.60","40,064"
M&M,EQ,30-Jun-17,"1,355.65","1,355.00","1,358.85","1,345.10","1,355.00","1,348.60","9,54,758","1,28,87,11,224.30","24,904"
M&M,EQ,03-Jul-17,"1,348.60","1,356.00","1,372.00","1,343.00","1,364.10","1,366.45","10,23,959","1,39,80,92,391.75","27,860"
M&M,EQ,04-Jul-17,"1,366.45","1,365.00","1,377.00","1,351.70","1,355.00","1,355.15","4,30,180","58,61,94,939.10","18,659"
M&M,EQ,05-Jul-17,"1,355.15","1,365.00","1,395.40","1,361.50","1,383.00","1,385.00","12,16,606","1,68,43,73,320.10","41,595"
M&M,EQ,06-Jul-17,"1,385.00","1,393.70","1,393.70","1,370.00","1,370.95","1,376.05","7,80,888","1,08,08,69,932.75","32,579"
M&M,EQ,07-Jul-17,"1,376.05","1,370.40","1,393.85","1,370.40","1,376.00","1,376.00","6,58,350","91,06,07,919.25","29,442"
M&M,EQ,10-Jul-17,"1,376.00","1,344.45","1,400.00","1,344.45","1,366.00","1,367.40","4,36,811","59,72,70,472.10","9,688"
M&M,EQ,11-Jul-17,"1,367.40","1,374.00","1,395.00","1,373.95","1,390.00","1,390.15","20,73,421","2,88,38,12,276.75","62,838"
M&M,EQ,12-Jul-17,"1,390.15","1,395.00","1,396.10","1,375.00","1,376.00","1,376.70","7,36,026","1,01,85,78,242.95","38,796"
M&M,EQ,13-Jul-17,"1,376.70","1,369.70","1,379.00","1,366.05","1,369.00","1,370.40","7,94,838","1,09,01,44,353.70","32,543"
M&M,EQ,14-Jul-17,"1,370.40","1,377.95","1,382.45","1,369.00","1,373.10","1,375.55","6,53,673","90,01,41,583.20","19,412"
M&M,EQ,17-Jul-17,"1,375.55","1,380.00","1,405.40","1,378.30","1,381.95","1,384.60","13,13,078","1,83,03,83,721.20","40,678"
M&M,EQ,18-Jul-17,"1,384.60","1,381.95","1,401.95","1,377.00","1,383.50","1,380.15","8,22,868","1,13,98,63,650.65","21,635"
M&M,EQ,19-Jul-17,"1,380.15","1,388.00","1,393.00","1,377.15","1,381.25","1,382.40","18,97,894","2,62,61,52,654.45","32,733"
M&M,EQ,20-Jul-17,"1,382.40","1,387.00","1,397.80","1,381.30","1,391.00","1,393.45","9,02,218","1,25,44,24,095.60","26,288"
M&M,EQ,21-Jul-17,"1,393.45","1,394.00","1,398.00","1,365.75","1,382.50","1,386.05","7,00,993","96,89,81,558.95","25,040"
M&M,EQ,24-Jul-17,"1,386.05","1,385.80","1,391.95","1,375.00","1,390.00","1,388.95","5,80,661","80,50,57,683.25","17,896"
M&M,EQ,25-Jul-17,"1,388.95","1,391.20","1,396.10","1,386.30","1,389.80","1,389.80","7,20,938","1,00,22,82,593.95","31,303"
M&M,EQ,26-Jul-17,"1,389.80","1,390.70","1,420.20","1,389.05","1,413.50","1,413.50","12,67,793","1,78,79,17,805.05","54,494"
M&M,EQ,27-Jul-17,"1,413.50","1,420.00","1,423.75","1,395.00","1,402.00","1,398.20","19,33,565","2,71,62,91,896.30","54,857"
M&M,EQ,28-Jul-17,"1,398.20","1,398.00","1,398.00","1,376.25","1,383.10","1,392.20","4,01,658","55,81,35,356.55","24,883"
M&M,EQ,31-Jul-17,"1,392.20","1,393.30","1,409.00","1,380.10","1,406.00","1,403.30","5,10,904","71,37,94,219.20","22,932"
M&M,EQ,01-Aug-17,"1,403.30","1,415.00","1,433.40","1,403.30","1,429.95","1,429.25","19,41,740","2,76,38,95,765.00","34,253"
M&M,EQ,02-Aug-17,"1,429.25","1,430.60","1,433.65","1,408.30","1,410.00","1,414.60","4,76,469","67,62,72,724.10","21,874"
M&M,EQ,03-Aug-17,"1,414.60","1,418.40","1,421.65","1,404.10","1,416.55","1,416.50","5,63,019","79,57,47,380.30","31,095"
M&M,EQ,04-Aug-17,"1,416.50","1,420.00","1,424.40","1,395.10","1,419.00","1,418.05","22,37,324","3,14,76,88,738.05","49,015"
M&M,EQ,07-Aug-17,"1,418.05","1,390.00","1,430.00","1,384.95","1,401.00","1,400.75","14,93,977","2,10,50,63,229.30","46,100"
M&M,EQ,08-Aug-17,"1,400.75","1,400.05","1,416.55","1,390.25","1,399.70","1,400.00","8,52,827","1,19,48,02,525.35","33,833"
M&M,EQ,09-Aug-17,"1,400.00","1,397.50","1,406.60","1,384.40","1,390.00","1,392.30","7,71,111","1,07,63,27,280.60","32,601"
M&M,EQ,10-Aug-17,"1,392.30","1,386.00","1,395.80","1,380.00","1,395.00","1,387.05","8,16,173","1,13,16,39,711.90","35,937"
M&M,EQ,11-Aug-17,"1,387.05","1,380.00","1,386.10","1,340.00","1,350.00","1,348.05","11,26,510","1,53,12,75,054.95","37,921"
M&M,EQ,14-Aug-17,"1,348.05","1,354.70","1,370.90","1,347.60","1,356.15","1,355.75","6,85,342","93,00,46,854.30","50,845"
M&M,EQ,16-Aug-17,"1,355.75","1,361.90","1,376.45","1,348.35","1,368.00","1,371.20","7,44,908","1,01,79,86,385.25","43,408"
M&M,EQ,17-Aug-17,"1,371.20","1,372.00","1,374.95","1,358.60","1,366.25","1,367.00","6,11,537","83,66,00,407.80","40,013"
M&M,EQ,18-Aug-17,"1,367.00","1,364.00","1,379.50","1,360.65","1,371.00","1,370.00","6,78,855","93,05,92,793.80","45,903"
M&M,EQ,21-Aug-17,"1,370.00","1,370.20","1,392.95","1,370.15","1,378.55","1,378.65","7,02,542","96,97,03,211.30","42,318"
M&M,EQ,22-Aug-17,"1,378.65","1,382.70","1,385.80","1,371.00","1,373.20","1,374.65","2,92,349","40,25,17,219.30","15,230"
M&M,EQ,23-Aug-17,"1,374.65","1,378.00","1,387.00","1,367.05","1,375.00","1,374.20","7,89,242","1,08,51,56,222.55","14,913"
M&M,EQ,24-Aug-17,"1,374.20","1,375.00","1,383.00","1,367.80","1,376.30","1,375.15","7,90,046","1,08,62,51,763.60","32,240"
M&M,EQ,28-Aug-17,"1,375.15","1,380.00","1,380.45","1,366.50","1,372.75","1,373.05","10,35,223","1,42,08,40,103.55","26,502"
M&M,EQ,29-Aug-17,"1,373.05","1,375.25","1,379.00","1,367.05","1,375.00","1,376.95","5,37,856","73,94,66,409.90","16,638"
M&M,EQ,30-Aug-17,"1,376.95","1,385.00","1,388.55","1,353.85","1,360.00","1,358.15","10,55,176","1,45,20,74,708.40","26,166"
M&M,EQ,31-Aug-17,"1,358.15","1,358.00","1,360.30","1,333.00","1,344.10","1,344.80","15,58,002","2,09,49,88,754.20","67,121"
M&M,EQ,01-Sep-17,"1,344.80","1,344.80","1,351.65","1,336.90","1,346.80","1,347.60","10,87,301","1,46,20,27,916.80","44,840"
M&M,EQ,04-Sep-17,"1,347.60","1,348.00","1,348.00","1,324.10","1,326.35","1,328.30","4,07,303","54,31,42,765.95","28,007"
M&M,EQ,05-Sep-17,"1,328.30","1,329.05","1,331.45","1,313.45","1,325.00","1,324.65","7,73,888","1,02,27,67,747.40","27,611"
M&M,EQ,06-Sep-17,"1,324.65","1,321.40","1,324.65","1,310.00","1,316.80","1,316.55","6,49,266","85,60,68,432.20","32,912"
M&M,EQ,07-Sep-17,"1,316.55","1,318.65","1,343.00","1,318.65","1,342.00","1,339.95","11,64,341","1,55,32,29,848.00","37,645"
M&M,EQ,08-Sep-17,"1,339.95","1,345.00","1,346.85","1,288.20","1,294.95","1,295.40","19,69,487","2,57,26,39,909.05","89,869"
M&M,EQ,11-Sep-17,"1,295.40","1,300.00","1,330.00","1,278.00","1,282.60","1,280.20","16,65,419","2,15,01,77,448.20","68,418"
M&M,EQ,12-Sep-17,"1,280.20","1,284.00","1,304.90","1,278.95","1,300.00","1,300.75","10,61,452","1,37,24,41,917.95","39,769"
M&M,EQ,13-Sep-17,"1,300.75","1,310.00","1,320.05","1,303.00","1,308.00","1,307.35","23,88,029","3,14,37,36,336.80","35,552"
M&M,EQ,14-Sep-17,"1,307.35","1,313.00","1,313.00","1,288.25","1,294.00","1,290.75","7,15,922","92,69,91,825.40","25,326"
M&M,EQ,15-Sep-17,"1,290.75","1,290.00","1,304.00","1,285.00","1,286.00","1,294.25","8,40,187","1,08,75,12,077.15","31,964"
M&M,EQ,18-Sep-17,"1,294.25","1,301.00","1,306.20","1,291.00","1,293.40","1,295.00","6,51,221","84,62,46,873.60","27,283"
M&M,EQ,19-Sep-17,"1,295.00","1,304.00","1,304.70","1,288.10","1,294.05","1,294.75","4,87,526","63,20,20,751.50","17,824"
M&M,EQ,20-Sep-17,"1,294.75","1,300.10","1,306.20","1,289.60","1,289.65","1,292.45","8,38,237","1,08,63,25,016.30","35,420"
M&M,EQ,21-Sep-17,"1,292.45","1,293.50","1,296.65","1,280.10","1,291.00","1,291.45","4,85,105","62,59,04,780.55","18,723"
MARUTI,EQ,02-May-17,"6,524.85","6,676.00","6,730.00","6,618.00","6,690.00","6,705.50","8,88,539","5,93,05,42,978.55","83,017"
MARUTI,EQ,03-May-17,"6,705.50","6,714.80","6,714.95","6,631.10","6,656.00","6,644.00","3,70,021","2,46,44,42,630.60","33,758"
MARUTI,EQ,04-May-17,"6,644.00","6,662.00","6,686.95","6,626.00","6,632.00","6,639.80","3,72,533","2,47,66,08,891.70","45,343"
MARUTI,EQ,05-May-17,"6,639.80","6,625.55","6,676.40","6,602.00","6,649.00","6,654.15","3,37,498","2,24,38,38,753.85","28,278"
MARUTI,EQ,08-May-17,"6,654.15","6,688.00","6,703.65","6,612.55","6,626.00","6,630.55","2,08,481","1,38,88,62,241.40","26,270"
MARUTI,EQ,09-May-17,"6,630.55","6,666.00","6,666.00","6,615.00","6,632.00","6,629.30","2,15,203","1,42,89,34,947.35","31,420"
MARUTI,EQ,10-May-17,"6,629.30","6,645.00","6,754.00","6,635.90","6,746.80","6,737.75","2,95,859","1,98,38,92,893.10","34,189"
MARUTI,EQ,11-May-17,"6,737.75","6,749.00","6,789.40","6,711.10","6,755.00","6,762.50","2,59,056","1,75,06,89,239.00","34,610"
MARUTI,EQ,12-May-17,"6,762.50","6,798.00","6,798.00","6,691.00","6,727.00","6,730.20","2,56,491","1,72,55,45,143.75","27,117"
MARUTI,EQ,15-May-17,"6,730.20","6,759.40","6,839.10","6,733.45","6,824.00","6,823.90","3,36,356","2,28,61,57,837.90","31,377"
MARUTI,EQ,16-May-17,"6,823.90","6,850.00","6,977.55","6,830.00","6,968.40","6,953.95","7,07,624","4,88,41,73,800.35","49,047"
MARUTI,EQ,17-May-17,"6,953.95","6,950.00","6,979.00","6,885.85","6,945.00","6,958.20","4,45,461","3,08,77,57,535.30","65,280"
MARUTI,EQ,18-May-17,"6,958.20","6,918.30","6,948.00","6,814.45","6,822.00","6,831.05","4,06,814","2,79,46,83,945.35","37,063"
MARUTI,EQ,19-May-17,"6,831.05","6,854.80","6,893.90","6,691.55","6,756.30","6,790.55","5,52,223","3,75,04,75,037.30","64,293"
MARUTI,EQ,22-May-17,"6,790.55","6,803.95","6,843.95","6,689.25","6,694.30","6,701.70","3,27,493","2,20,47,55,982.95","36,146"
MARUTI,EQ,23-May-17,"6,701.70","6,765.00","6,910.00","6,743.65","6,867.95","6,878.85","9,56,457","6,55,68,60,387.15","98,981"
MARUTI,EQ,24-May-17,"6,878.85","6,903.00","6,912.55","6,813.00","6,865.00","6,869.65","4,33,647","2,97,64,44,464.50","48,950"
MARUTI,EQ,25-May-17,"6,869.65","6,879.95","7,018.00","6,835.00","6,970.00","6,985.70","4,35,721","3,01,37,29,805.95","44,648"
MARUTI,EQ,26-May-17,"6,985.70","6,971.15","7,085.05","6,936.20","7,068.05","7,064.80","3,73,937","2,63,61,44,373.95","30,388"
MARUTI,EQ,29-May-17,"7,064.80","7,050.00","7,197.80","7,025.55","7,144.00","7,134.45","4,27,378","3,04,72,15,056.00","46,353"
MARUTI,EQ,30-May-17,"7,134.45","7,134.45","7,206.60","7,084.15","7,138.05","7,147.50","4,03,698","2,88,10,54,388.05","34,630"
MARUTI,EQ,31-May-17,"7,147.50","7,138.00","7,248.00","7,134.95","7,219.75","7,211.00","6,50,259","4,68,93,75,538.75","69,023"
MARUTI,EQ,01-Jun-17,"7,211.00","7,242.00","7,245.00","7,110.10","7,150.00","7,146.60","6,49,217","4,65,16,60,714.40","74,481"
MARUTI,EQ,02-Jun-17,"7,146.60","7,182.00","7,187.70","7,100.00","7,110.60","7,114.70","3,10,268","2,21,37,61,589.20","33,719"
MARUTI,EQ,05-Jun-17,"7,114.70","7,139.80","7,161.90","7,091.10","7,116.05","7,125.70","2,96,147","2,11,05,99,116.05","31,551"
MARUTI,EQ,06-Jun-17,"7,125.70","7,134.00","7,154.30","7,085.05","7,118.95","7,112.10","3,24,579","2,30,78,09,562.65","45,217"
MARUTI,EQ,07-Jun-17,"7,112.10","7,135.00","7,225.00","7,107.60","7,198.00","7,205.70","5,18,152","3,72,53,80,789.55","44,672"
MARUTI,EQ,08-Jun-17,"7,205.70","7,199.00","7,274.95","7,198.00","7,260.00","7,249.50","4,26,525","3,08,44,19,776.25","56,722"
MARUTI,EQ,09-Jun-17,"7,249.50","7,271.00","7,480.90","7,230.00","7,474.90","7,464.85","11,22,640","8,28,97,42,220.90","91,222"
MARUTI,EQ,12-Jun-17,"7,464.85","7,445.00","7,450.00","7,355.50","7,375.00","7,373.65","4,54,342","3,35,99,55,209.20","45,067"
MARUTI,EQ,13-Jun-17,"7,373.65","7,394.60","7,455.00","7,335.00","7,342.00","7,348.95","6,07,567","4,49,24,81,373.45","58,498"
MARUTI,EQ,14-Jun-17,"7,348.95","7,343.00","7,392.45","7,331.85","7,352.00","7,351.05","2,77,472","2,04,20,69,845.15","36,585"
MARUTI,EQ,15-Jun-17,"7,351.05","7,348.35","7,393.00","7,272.15","7,302.95","7,312.30","3,88,150","2,84,26,35,979.65","44,880"
MARUTI,EQ,16-Jun-17,"7,312.30","7,332.00","7,360.05","7,250.00","7,272.00","7,263.90","5,47,028","3,98,49,61,154.25","51,164"
MARUTI,EQ,19-Jun-17,"7,263.90","7,314.00","7,322.15","7,235.00","7,250.00","7,249.25","3,72,747","2,70,88,72,699.55","37,153"
MARUTI,EQ,20-Jun-17,"7,249.25","7,265.00","7,283.65","7,190.30","7,207.05","7,207.25","7,57,716","5,48,76,64,321.95","54,031"
MARUTI,EQ,21-Jun-17,"7,207.25","7,220.00","7,284.50","7,153.30","7,279.00","7,268.20","4,60,423","3,32,75,67,635.15","46,064"
MARUTI,EQ,22-Jun-17,"7,268.20","7,291.00","7,352.00","7,288.00","7,320.00","7,316.10","4,36,033","3,19,45,23,105.05","64,237"
MARUTI,EQ,23-Jun-17,"7,316.10","7,321.25","7,331.65","7,205.00","7,225.00","7,219.15","3,55,854","2,57,47,35,785.95","53,841"
MARUTI,EQ,27-Jun-17,"7,219.15","7,239.50","7,267.20","7,155.10","7,175.00","7,183.35","3,65,667","2,62,92,53,656.90","42,155"
MARUTI,EQ,28-Jun-17,"7,183.35","7,213.95","7,324.00","7,205.00","7,230.10","7,225.05","6,37,214","4,62,59,18,523.60","61,871"
MARUTI,EQ,29-Jun-17,"7,225.05","7,254.90","7,290.00","7,205.00","7,213.80","7,224.35","5,43,979","3,93,74,95,489.85","40,635"
MARUTI,EQ,30-Jun-17,"7,224.35","7,214.80","7,233.60","7,157.15","7,201.25","7,217.60","3,67,886","2,64,63,35,813.40","48,492"
MARUTI,EQ,03-Jul-17,"7,217.60","7,238.90","7,365.00","7,211.20","7,359.00","7,354.00","5,56,846","4,07,74,05,610.50","58,041"
MARUTI,EQ,04-Jul-17,"7,354.00","7,386.00","7,415.05","7,340.00","7,364.00","7,376.15","4,28,293","3,15,99,20,421.60","45,813"
MARUTI,EQ,05-Jul-17,"7,376.15","7,374.75","7,394.00","7,332.00","7,378.00","7,377.65","2,73,869","2,01,76,27,913.15","40,371"
MARUTI,EQ,06-Jul-17,"7,377.65","7,377.65","7,498.00","7,376.20","7,476.75","7,474.05","4,16,512","3,10,53,95,941.65","48,144"
MARUTI,EQ,07-Jul-17,"7,474.05","7,470.00","7,474.05","7,420.00","7,428.00","7,432.80","3,39,803","2,52,73,80,002.10","32,659"
MARUTI,EQ,10-Jul-17,"7,432.80","7,500.50","7,500.50","6,700.00","7,433.30","7,430.45","47,433","35,27,88,666.40","4,351"
MARUTI,EQ,11-Jul-17,"7,430.45","7,473.90","7,495.00","7,400.00","7,452.20","7,457.00","4,23,681","3,15,40,12,268.35","56,319"
MARUTI,EQ,12-Jul-17,"7,457.00","7,485.00","7,485.00","7,435.10","7,463.10","7,476.65","2,33,096","1,74,04,73,302.15","28,925"
MARUTI,EQ,13-Jul-17,"7,476.65","7,490.00","7,574.50","7,465.15","7,561.00","7,567.55","4,72,029","3,55,71,57,294.85","42,641"
MARUTI,EQ,14-Jul-17,"7,567.55","7,574.95","7,588.95","7,520.00","7,560.90","7,557.25","2,67,450","2,01,97,14,625.95","37,160"
MARUTI,EQ,17-Jul-17,"7,557.25","7,571.95","7,578.00","7,504.30","7,508.80","7,522.30","2,89,180","2,17,83,95,267.90","44,010"
MARUTI,EQ,18-Jul-17,"7,522.30","7,525.00","7,591.50","7,515.00","7,538.00","7,549.35","3,87,214","2,92,79,50,723.55","68,082"
MARUTI,EQ,19-Jul-17,"7,549.35","7,564.25","7,584.00","7,535.00","7,555.55","7,561.50","2,23,986","1,69,37,64,179.60","41,923"
MARUTI,EQ,20-Jul-17,"7,561.50","7,580.00","7,584.50","7,480.05","7,495.00","7,490.95","2,90,547","2,18,17,71,499.25","43,947"
MARUTI,EQ,21-Jul-17,"7,490.95","7,500.00","7,549.90","7,445.00","7,529.00","7,543.00","4,34,483","3,26,32,51,529.60","52,723"
MARUTI,EQ,24-Jul-17,"7,543.00","7,554.00","7,569.00","7,495.00","7,538.30","7,554.55","3,57,195","2,69,21,38,343.75","47,264"
MARUTI,EQ,25-Jul-17,"7,554.55","7,573.00","7,573.00","7,493.55","7,500.00","7,504.85","3,23,585","2,43,40,31,513.05","68,674"
MARUTI,EQ,26-Jul-17,"7,504.85","7,539.00","7,595.00","7,504.00","7,576.00","7,565.25","3,77,790","2,85,09,54,339.95","57,294"
MARUTI,EQ,27-Jul-17,"7,565.25","7,615.00","7,683.40","7,536.00","7,570.00","7,599.60","11,48,259","8,74,31,97,157.95","89,004"
MARUTI,EQ,28-Jul-17,"7,599.60","7,617.00","7,673.60","7,584.00","7,624.10","7,630.45","4,59,181","3,50,27,19,276.00","40,044"
MARUTI,EQ,31-Jul-17,"7,630.45","7,664.00","7,765.00","7,651.00","7,745.10","7,750.05","5,05,371","3,90,61,01,481.40","50,366"
MARUTI,EQ,01-Aug-17,"7,750.05","7,759.90","7,920.00","7,725.00","7,855.00","7,856.10","10,96,934","8,61,40,19,508.65","95,741"
MARUTI,EQ,02-Aug-17,"7,856.10","7,878.90","7,880.00","7,775.00","7,784.90","7,795.50","4,14,448","3,24,12,84,717.40","54,770"
MARUTI,EQ,03-Aug-17,"7,795.50","7,794.00","7,829.00","7,711.00","7,750.00","7,737.40","2,87,116","2,22,63,32,584.25","40,515"
MARUTI,EQ,04-Aug-17,"7,737.40","7,750.00","7,804.90","7,740.00","7,775.00","7,770.30","3,25,021","2,52,66,74,563.35","35,254"
MARUTI,EQ,07-Aug-17,"7,770.30","7,779.50","7,892.35","7,771.00","7,845.00","7,838.65","3,27,318","2,56,83,50,274.30","44,503"
MARUTI,EQ,08-Aug-17,"7,838.65","7,849.00","7,885.00","7,736.90","7,762.00","7,755.90","3,19,951","2,49,24,66,150.40","37,840"
MARUTI,EQ,09-Aug-17,"7,755.90","7,759.00","7,795.00","7,639.10","7,654.95","7,661.60","2,85,089","2,20,14,62,995.05","28,758"
MARUTI,EQ,10-Aug-17,"7,661.60","7,637.35","7,640.00","7,538.90","7,600.35","7,578.75","3,85,730","2,92,75,70,408.80","63,051"
MARUTI,EQ,11-Aug-17,"7,578.75","7,501.90","7,533.80","7,380.00","7,480.00","7,457.40","6,76,390","5,04,75,56,976.35","71,324"
MARUTI,EQ,14-Aug-17,"7,457.40","7,516.00","7,647.00","7,515.00","7,594.90","7,608.45","3,28,598","2,49,66,35,810.55","40,458"
MARUTI,EQ,16-Aug-17,"7,608.45","7,649.10","7,720.10","7,585.05","7,715.00","7,701.15","4,88,766","3,74,75,76,507.10","51,358"
MARUTI,EQ,17-Aug-17,"7,701.15","7,701.00","7,708.85","7,565.00","7,575.00","7,582.45","3,21,296","2,45,11,57,583.00","32,268"
MARUTI,EQ,18-Aug-17,"7,582.45","7,551.00","7,624.00","7,531.35","7,594.90","7,598.80","3,32,924","2,52,19,65,187.95","44,490"
MARUTI,EQ,21-Aug-17,"7,598.80","7,629.00","7,658.05","7,490.00","7,503.80","7,501.90","2,77,519","2,09,56,45,278.80","34,374"
MARUTI,EQ,22-Aug-17,"7,501.90","7,540.00","7,567.50","7,475.10","7,507.85","7,496.10","2,78,131","2,08,83,77,613.55","37,257"
MARUTI,EQ,23-Aug-17,"7,496.10","7,548.00","7,590.00","7,501.00","7,570.00","7,573.05","2,58,051","1,94,88,96,428.90","32,876"
MARUTI,EQ,24-Aug-17,"7,573.05","7,536.00","7,635.00","7,483.60","7,609.95","7,612.85","4,36,912","3,30,64,45,863.75","35,771"
MARUTI,EQ,28-Aug-17,"7,612.85","7,649.00","7,649.00","7,568.05","7,575.20","7,579.00","3,91,028","2,97,06,34,097.70","53,876"
MARUTI,EQ,29-Aug-17,"7,579.00","7,565.00","7,575.55","7,495.05","7,507.85","7,521.50","3,68,309","2,77,29,23,688.65","44,461"
MARUTI,EQ,30-Aug-17,"7,521.50","7,603.00","7,639.35","7,532.50","7,559.90","7,557.45","4,71,048","3,57,08,46,999.40","66,653"
MARUTI,EQ,31-Aug-17,"7,557.45","7,564.90","7,720.40","7,532.00","7,720.00","7,700.30","5,86,954","4,49,26,34,864.65","58,236"
MARUTI,EQ,01-Sep-17,"7,700.30","7,747.50","7,834.90","7,730.00","7,807.00","7,812.30","6,27,407","4,89,41,85,802.50","56,655"
MARUTI,EQ,04-Sep-17,"7,812.30","7,840.00","7,876.00","7,756.75","7,804.95","7,821.50","3,62,724","2,83,73,14,016.50","33,764"
MARUTI,EQ,05-Sep-17,"7,821.50","7,843.00","7,855.95","7,801.00","7,817.00","7,817.20","1,82,518","1,42,88,36,167.80","20,755"
MARUTI,EQ,06-Sep-17,"7,817.20","7,800.00","7,904.00","7,770.00","7,851.35","7,846.65","3,40,420","2,67,20,01,273.20","31,039"
MARUTI,EQ,07-Sep-17,"7,846.65","7,888.00","7,949.00","7,858.50","7,920.00","7,919.20","3,89,478","3,08,30,71,578.65","43,184"
MARUTI,EQ,08-Sep-17,"7,919.20","7,940.45","7,979.75","7,892.00","7,968.00","7,970.75","3,41,309","2,71,40,85,580.10","38,432"
MARUTI,EQ,11-Sep-17,"7,970.75","8,000.00","8,168.00","8,000.00","8,144.00","8,142.40","5,47,463","4,43,93,45,930.90","53,484"
MARUTI,EQ,12-Sep-17,"8,142.40","8,192.00","8,192.00","8,116.00","8,136.30","8,154.50","3,87,447","3,16,06,11,115.65","33,808"
MARUTI,EQ,13-Sep-17,"8,154.50","8,161.90","8,200.00","8,100.15","8,110.45","8,122.60","3,71,832","3,03,10,24,979.30","34,721"
MARUTI,EQ,14-Sep-17,"8,122.60","8,139.95","8,164.95","8,042.05","8,071.30","8,070.25","2,93,890","2,37,71,04,613.00","36,115"
MARUTI,EQ,15-Sep-17,"8,070.25","8,076.95","8,119.10","8,043.50","8,099.00","8,099.75","4,00,099","3,23,77,04,045.35","31,988"
MARUTI,EQ,18-Sep-17,"8,099.75","8,130.70","8,185.00","8,130.70","8,168.00","8,157.85","2,19,992","1,79,51,34,282.25","22,767"
MARUTI,EQ,19-Sep-17,"8,157.85","8,178.00","8,184.95","8,124.45","8,143.90","8,131.70","2,45,577","2,00,26,89,705.50","26,708"
MARUTI,EQ,20-Sep-17,"8,131.70","8,164.40","8,164.40","8,109.10","8,118.50","8,120.15","1,85,837","1,50,99,11,111.25","24,416"
MARUTI,EQ,21-Sep-17,"8,120.15","8,101.00","8,170.90","8,075.10","8,170.00","8,144.95","2,58,168","2,09,63,73,370.40","31,776"
